yymm,production,ending_stocks,use_total,exports,domestic_total,supply_total,avg_farm_price,stocks_to_use_ratio
0203,9507.0,1596.0,9820.0,1925.0,7895.0,11416.0,2.05,16.25
0204,9507.0,1621.0,9795.0,1925.0,7870.0,11416.0,1.95,16.55
0205,9935.0,1561.0,10010.0,2100.0,7910.0,11571.0,2.15,15.59
0206,9650.0,1301.0,9985.0,2075.0,7910.0,11286.0,2.3,13.03
0207,9790.0,1466.0,9960.0,2050.0,7910.0,11426.0,2.2,14.72
0208,8886.0,767.0,9770.0,2000.0,7770.0,10537.0,2.7,7.85
0209,8849.0,729.0,9770.0,2000.0,7770.0,10499.0,2.75,7.46
0210,8970.0,764.0,9820.0,2000.0,7820.0,10584.0,2.7,7.78
0211,9003.0,848.0,9770.0,1925.0,7845.0,10618.0,2.6,8.68
0212,9003.0,843.0,9775.0,1900.0,7875.0,10618.0,2.6,8.62
0301,9008.0,924.0,9695.0,1850.0,7845.0,10619.0,2.55,9.53
0302,9008.0,929.0,9690.0,1825.0,7865.0,10619.0,2.5,9.59
0303,9008.0,1004.0,9615.0,1750.0,7865.0,10619.0,2.4,10.44
0304,9008.0,1009.0,9610.0,1675.0,7935.0,10619.0,2.35,10.5
0305,10060.0,1304.0,9825.0,1850.0,7975.0,11129.0,2.3,13.27
0306,10060.0,1329.0,9825.0,1850.0,7975.0,11154.0,2.3,13.53
0307,10270.0,1339.0,9950.0,1850.0,8100.0,11289.0,2.3,13.46
0308,10064.0,1184.0,9900.0,1800.0,8100.0,11084.0,2.4,11.96
0309,9944.0,1064.0,9900.0,1800.0,8100.0,10964.0,2.5,10.75
0310,10207.0,1353.0,9950.0,1800.0,8150.0,11303.0,2.3,13.6
0311,10278.0,1349.0,10025.0,1875.0,8150.0,11374.0,2.3,13.46
0312,10278.0,1299.0,10075.0,1925.0,8150.0,11374.0,2.4,12.89
0401,10114.0,981.0,10230.0,1975.0,8255.0,11211.0,2.45,9.59
0402,10114.0,901.0,10310.0,2000.0,8310.0,11211.0,2.55,8.74
0403,10114.0,901.0,10310.0,2000.0,8310.0,11211.0,2.55,8.74
0404,10114.0,856.0,10355.0,2000.0,8355.0,11211.0,2.65,8.27
0405,10425.0,741.0,10505.0,2100.0,8405.0,11246.0,2.95,7.05
0406,10425.0,741.0,10505.0,2100.0,8405.0,11246.0,2.95,7.05
0407,10635.0,991.0,10555.0,2100.0,8455.0,11546.0,2.7,9.39
0408,10923.0,1132.0,10720.0,2100.0,8620.0,11852.0,2.45,10.56
0409,10961.0,1209.0,10720.0,2100.0,8620.0,11929.0,2.4,11.28
0410,11613.0,1691.0,10895.0,2075.0,8820.0,12586.0,2.15,15.52
0411,11741.0,1819.0,10895.0,2050.0,8845.0,12714.0,2.1,16.7
0412,11741.0,1844.0,10870.0,2000.0,8870.0,12714.0,2.1,16.96
0501,11807.0,1960.0,10820.0,1950.0,8870.0,12780.0,2.1,18.11
0502,11807.0,2010.0,10770.0,1900.0,8870.0,12780.0,2.05,18.66
0503,11807.0,2055.0,10720.0,1850.0,8870.0,12775.0,2.15,19.17
0504,11807.0,2215.0,10560.0,1800.0,8760.0,12775.0,2.1,20.98
0505,10985.0,2540.0,10670.0,1950.0,8720.0,13210.0,1.95,23.81
0506,10985.0,2540.0,10670.0,1950.0,8720.0,13210.0,1.95,23.81
0507,10785.0,2240.0,10670.0,1950.0,8720.0,12910.0,2.1,20.99
0508,10350.0,1900.0,10570.0,1950.0,8620.0,12470.0,2.2,17.98
0509,10639.0,2079.0,10695.0,2000.0,8695.0,12774.0,2.1,19.44
0510,10857.0,2220.0,10760.0,2000.0,8760.0,12980.0,2.05,20.63
0511,11032.0,2319.0,10835.0,2000.0,8835.0,13154.0,2.0,21.4
0512,11032.0,2419.0,10735.0,1900.0,8835.0,13154.0,2.0,22.53
0601,11112.0,2426.0,10810.0,1850.0,8960.0,13236.0,2.05,22.44
0602,11112.0,2401.0,10835.0,1850.0,8985.0,13236.0,2.05,22.16
0603,11112.0,2351.0,10885.0,1900.0,8985.0,13236.0,2.05,21.6
0604,11112.0,2301.0,10935.0,1950.0,8985.0,13236.0,2.05,21.04
0605,10550.0,1141.0,11645.0,2150.0,9495.0,12786.0,2.65,9.8
0606,10550.0,1091.0,11645.0,2150.0,9495.0,12736.0,2.65,9.37
0607,10740.0,1077.0,11735.0,2150.0,9585.0,12812.0,2.65,9.18
0608,10976.0,1232.0,11815.0,2150.0,9665.0,13047.0,2.55,10.43
0609,11114.0,1220.0,11915.0,2250.0,9665.0,13135.0,2.55,10.24
0610,10905.0,996.0,11890.0,2250.0,9640.0,12886.0,2.8,8.38
0611,10745.0,935.0,11790.0,2200.0,9590.0,12725.0,3.2,7.93
0612,10745.0,935.0,11790.0,2200.0,9590.0,12725.0,3.3,7.93
0701,10535.0,752.0,11760.0,2250.0,9510.0,12512.0,3.4,6.39
0702,10535.0,752.0,11760.0,2250.0,9510.0,12512.0,3.4,6.39
0703,10535.0,752.0,11760.0,2250.0,9510.0,12512.0,3.4,6.39
0704,10535.0,877.0,11635.0,2250.0,9385.0,12512.0,3.2,7.54
0705,12460.0,947.0,12465.0,1975.0,10490.0,13412.0,3.7,7.6
0706,12460.0,997.0,12465.0,1975.0,10490.0,13462.0,3.7,8.0
0707,12840.0,1502.0,12490.0,2000.0,10490.0,13992.0,3.4,12.03
0708,13054.0,1516.0,12690.0,2150.0,10540.0,14206.0,3.4,11.95
0709,13308.0,1675.0,12790.0,2250.0,10540.0,14465.0,3.4,13.1
0710,13318.0,1997.0,12640.0,2350.0,10290.0,14637.0,3.5,15.8
0711,13168.0,1897.0,12590.0,2350.0,10240.0,14487.0,3.8,15.07
0712,13168.0,1797.0,12690.0,2450.0,10240.0,14487.0,3.95,14.16
0801,13074.0,1438.0,12955.0,2450.0,10505.0,14393.0,4.3,11.1
0802,13074.0,1438.0,12955.0,2450.0,10505.0,14393.0,4.25,11.1
0803,13074.0,1438.0,12955.0,2450.0,10505.0,14393.0,4.25,11.1
0804,13074.0,1283.0,13110.0,2500.0,10610.0,14393.0,4.5,9.79
0805,13074.0,1283.0,13110.0,2500.0,10610.0,14393.0,4.5,9.79
0806,11735.0,673.0,12510.0,2000.0,10510.0,13183.0,6.3,5.38
0807,11715.0,833.0,12495.0,2000.0,10495.0,13328.0,6.5,6.67
0808,12288.0,1133.0,12745.0,2000.0,10745.0,13878.0,5.9,8.89
0809,12072.0,1018.0,12645.0,2000.0,10645.0,13663.0,6.0,8.05
0810,12200.0,1154.0,12685.0,2000.0,10685.0,13839.0,5.2,9.1
0811,12200.0,1154.0,12685.0,2000.0,10685.0,13839.0,5.2,9.1
0812,12020.0,1474.0,12185.0,1800.0,10385.0,13659.0,4.35,12.1
0901,12101.0,1790.0,11950.0,1750.0,10200.0,13740.0,4.25,14.98
0902,12101.0,1790.0,11950.0,1750.0,10200.0,13740.0,4.15,14.98
0903,12101.0,1740.0,12000.0,1700.0,10300.0,13740.0,4.3,14.5
0904,12101.0,1700.0,12040.0,1700.0,10340.0,13740.0,4.4,14.12
0905,12090.0,1145.0,12560.0,1900.0,10660.0,13705.0,4.5,9.12
0906,11935.0,1090.0,12460.0,1900.0,10560.0,13550.0,4.7,8.75
0907,12290.0,1550.0,12525.0,1950.0,10575.0,14075.0,4.15,12.38
0908,12761.0,1621.0,12875.0,2100.0,10775.0,14496.0,3.9,12.59
0909,12954.0,1635.0,13025.0,2200.0,10825.0,14660.0,3.65,12.55
0910,13018.0,1672.0,13030.0,2150.0,10880.0,14702.0,3.65,12.83
0911,12921.0,1625.0,12980.0,2100.0,10880.0,14605.0,3.85,12.52
0912,12921.0,1675.0,12930.0,2050.0,10880.0,14605.0,3.85,12.95
1001,13151.0,1764.0,13070.0,2050.0,11020.0,14834.0,4.0,13.5
1002,13151.0,1719.0,13115.0,2000.0,11115.0,14834.0,3.95,13.11
1003,13131.0,1799.0,13015.0,1900.0,11115.0,14814.0,3.75,13.82
1004,13131.0,1899.0,12915.0,1900.0,11015.0,14814.0,3.7,14.7
1005,13370.0,1818.0,13300.0,2000.0,11300.0,15118.0,3.8,13.67
1006,13370.0,1573.0,13410.0,2000.0,11410.0,14983.0,3.9,11.73
1007,13245.0,1373.0,13360.0,1950.0,11410.0,14733.0,4.05,10.28
1008,13365.0,1312.0,13490.0,2050.0,11440.0,14802.0,4.1,9.73
1009,13160.0,1116.0,13440.0,2100.0,11340.0,14556.0,4.8,8.3
1010,12664.0,902.0,12585.0,1485.0,11100.0,14403.0,5.0,7.2
1011,12540.0,827.0,12585.0,1485.0,11100.0,14058.0,5.25,6.6
1012,12540.0,827.0,12585.0,1485.0,11100.0,14058.0,5.25,6.6
1101,12447.0,745.0,12585.0,1485.0,11100.0,13980.0,5.45,5.7
1102,12447.0,675.0,12585.0,1485.0,11100.0,13880.0,5.45,5.2
1103,12447.0,675.0,12585.0,1485.0,11100.0,13880.0,5.45,5.2
1104,12447.0,675.0,12585.0,1485.0,11100.0,13880.0,5.45,5.2
1105,13519.0,900.0,12585.0,1485.0,11100.0,15252.0,5.5,6.4
1106,13245.0,900.0,12585.0,1985.0,10600.0,14573.0,5.9,6.4
1107,13245.0,870.0,12585.0,1985.0,10600.0,14498.0,5.9,6.2
1108,12914.0,714.0,12585.0,1985.0,10600.0,14067.0,6.2,5.1
1109,12492.0,672.0,12585.0,1985.0,10600.0,13645.0,6.7,4.7
1110,12432.0,866.0,12585.0,1985.0,10600.0,13493.0,6.2,6.3
1111,12304.0,843.0,12585.0,1985.0,10600.0,13457.0,6.2,6.2
1112,12307.0,846.0,12585.0,1985.0,10600.0,13460.0,6.2,6.2
1201,12358.0,846.0,12585.0,1985.0,10600.0,13511.0,5.9,6.2
1202,12359.0,801.0,12585.0,1985.0,10600.0,13512.0,5.9,5.9
1203,12359.0,801.0,12585.0,1985.0,10600.0,13512.0,5.9,5.9
1204,12359.0,989.0,12585.0,1985.0,10600.0,13512.0,5.9,7.3
1205,14600.0,1181.0,12585.0,1685.0,10900.0,14789.0,4.2,8.0
1206,14600.0,1181.0,12585.0,1685.0,10900.0,14888.0,4.2,8.0
1207,12970.0,1183.0,12585.0,1685.0,10900.0,14258.0,5.9,8.3
1208,10779.0,716.0,11585.0,975.0,10610.0,11928.0,7.9,6.4
1209,10727.0,733.0,11585.0,975.0,10610.0,11876.0,7.4,6.5
1210,10706.0,619.0,11585.0,975.0,10610.0,11855.0,7.4,5.4
1211,10724.0,647.0,11585.0,975.0,10610.0,11873.0,7.4,5.6
1212,10678.0,647.0,11585.0,975.0,10610.0,11827.0,7.4,5.6
1301,10780.0,602.0,11585.0,975.0,10610.0,11929.0,6.95,5.4
1302,10780.0,632.0,11585.0,975.0,10610.0,11929.0,6.95,5.6
1303,10780.0,632.0,11585.0,975.0,10610.0,11929.0,6.95,5.6
1304,10780.0,757.0,11585.0,975.0,10610.0,11929.0,6.95,6.7
1305,14145.0,2004.0,12585.0,1660.0,10925.0,14928.0,4.7,15.3
1306,14005.0,1632.0,12585.0,1660.0,10925.0,14799.0,5.1,12.3
1307,14005.0,1636.0,12585.0,1660.0,10925.0,14799.0,5.1,12.3
1308,13753.0,1637.0,12585.0,1810.0,10775.0,14767.0,4.9,12.2
1309,13843.0,1683.0,12585.0,1860.0,10725.0,14857.0,4.8,12.8
1310,13843.0,1683.0,12585.0,1860.0,10725.0,14857.0,4.8,12.8
1311,13989.0,1893.0,12585.0,1740.0,10845.0,14830.0,4.25,13.5
1312,14092.0,1608.0,12585.0,1740.0,10845.0,14933.0,4.4,11.5
1401,13925.0,1231.0,12585.0,1740.0,10845.0,15071.0,4.5,9.3
1402,13925.0,1231.0,12585.0,1740.0,10845.0,15071.0,4.5,9.3
1403,13925.0,1234.0,12585.0,1740.0,10845.0,15071.0,4.5,9.3
1404,13925.0,1232.0,12585.0,1740.0,10845.0,15071.0,4.5,9.2
1405,13860.0,1721.0,13585.0,1890.0,11695.0,15117.0,3.9,12.6
1406,13860.0,1700.0,13585.0,1890.0,11695.0,15117.0,3.9,12.5
1407,13860.0,1831.0,13585.0,1890.0,11695.0,15347.0,3.9,13.5
1408,14032.0,1873.0,13585.0,1970.0,11615.0,15289.0,3.65,13.6
1409,14394.0,2002.0,13585.0,1920.0,11665.0,15651.0,3.5,14.8
1410,14475.0,2061.0,13585.0,1900.0,11685.0,15657.0,3.4,15.0
1411,14207.0,2020.0,13585.0,1900.0,11685.0,15464.0,3.5,14.9
1412,14207.0,1857.0,13585.0,1900.0,11685.0,15464.0,3.65,13.8
1501,14216.0,1857.0,13585.0,1900.0,11685.0,15473.0,3.65,13.7
1502,14216.0,1857.0,13585.0,1900.0,11685.0,15473.0,3.65,13.7
1503,14216.0,1851.0,13585.0,1900.0,11685.0,15473.0,3.65,13.7
1504,14216.0,1851.0,13585.0,1900.0,11685.0,15473.0,3.65,13.7
1505,13630.0,1726.0,13725.0,1965.0,11760.0,15506.0,3.5,12.6
1506,13630.0,1713.0,13725.0,1965.0,11760.0,15388.0,3.6,12.5
1507,13530.0,1726.0,13720.0,2030.0,11690.0,15358.0,3.75,12.8
1508,13727.0,1759.0,13720.0,1990.0,11730.0,15553.0,3.65,12.8
1509,13586.0,1729.0,13725.0,1950.0,11775.0,15386.0,3.75,12.9
1510,13555.0,1730.0,13725.0,1950.0,11775.0,15036.0,3.75,13.0
1511,13654.0,1776.0,13725.0,1950.0,11775.0,15435.0,3.65,13.4
1512,13501.0,1784.0,13700.0,1975.0,11725.0,15282.0,3.6,13.5
1601,13501.0,1784.0,13700.0,1975.0,11725.0,15283.0,3.6,13.5
1602,13501.0,1781.0,13700.0,1975.0,11725.0,15283.0,3.6,13.4
1603,13501.0,1781.0,13700.0,1975.0,11725.0,15283.0,3.6,13.4
1604,13501.0,1781.0,13700.0,1975.0,11725.0,15283.0,3.6,13.4
1605,14430.0,2040.0,13925.0,2025.0,11900.0,16261.0,3.3,14.3
1606,14430.0,2063.0,14125.0,2125.0,12000.0,16211.0,3.15,14.6
1607,14540.0,2081.0,14175.0,2125.0,12050.0,16321.0,3.2,14.7
1608,15153.0,2308.0,14325.0,2125.0,12200.0,16934.0,3.15,16.0
1609,15093.0,2384.0,14475.0,2175.0,12300.0,16859.0,3.2,16.5
1610,15057.0,2320.0,14525.0,2225.0,12300.0,16845.0,-3.55,15.97
1611,15226.0,2403.0,14610.0,2225.0,12385.0,17013.0,-3.6,16.45
1612,15226.0,2403.0,14610.0,2225.0,12385.0,17013.0,-3.65,16.45
1701,15148.0,2355.0,14585.0,2225.0,12360.0,16940.0,-3.7,16.15
1702,15148.0,2320.0,14620.0,2225.0,12395.0,16940.0,-3.6,15.87
1703,15148.0,2320.0,14620.0,2225.0,12395.0,16940.0,-3.6,15.87
1704,15148.0,2320.0,14620.0,2225.0,12395.0,16940.0,-3.55,15.87
1705,14065.0,2110.0,14300.0,1875.0,12425.0,16410.0,-3.8,14.76
1706,14065.0,2110.0,14300.0,1875.0,12425.0,16410.0,-3.8,14.76
1707,14255.0,2325.0,14350.0,1875.0,12475.0,16675.0,-3.7,16.2
1708,14153.0,2273.0,14300.0,1850.0,12450.0,16573.0,-3.7,15.9
1709,14184.0,2335.0,14250.0,1850.0,12400.0,16585.0,-3.6,16.39
1710,14280.0,2340.0,14285.0,1850.0,12435.0,16625.0,-3.6,16.38
1711,14578.0,2487.0,14435.0,1925.0,12510.0,16922.0,-3.6,17.23
1712,14578.0,2437.0,14485.0,1925.0,12560.0,16922.0,-3.55,16.82
1801,14604.0,2477.0,14470.0,1925.0,12545.0,16947.0,-3.55,17.12
1802,14604.0,2352.0,14595.0,2050.0,12545.0,16947.0,-3.55,16.12
1803,14604.0,2127.0,14820.0,2225.0,12595.0,16947.0,-3.55,14.35
1804,14604.0,2182.0,14765.0,2225.0,12540.0,16947.0,-3.5,14.78
1805,14040.0,1682.0,14590.0,2100.0,12490.0,16272.0,-4.3,11.53
1806,14040.0,1577.0,14615.0,2100.0,12515.0,16192.0,-4.4,10.79
1807,14230.0,1552.0,14755.0,2225.0,12530.0,16307.0,-4.3,10.52
1808,14586.0,1684.0,14980.0,2350.0,12630.0,16664.0,-4.1,11.24
1809,14827.0,1774.0,15105.0,2400.0,12705.0,16879.0,-4.0,11.74
1810,14778.0,1813.0,15155.0,2475.0,12680.0,16968.0,-4.0,11.96
1811,14626.0,1736.0,15080.0,2450.0,12630.0,16816.0,-4.0,11.51
1812,14626.0,1781.0,15030.0,2450.0,12580.0,16811.0,-3.95,11.85
1901,14626.0,1781.0,15030.0,2450.0,12580.0,16811.0,-3.95,11.85
1902,14420.0,1735.0,14865.0,2450.0,12415.0,16600.0,-3.85,11.67
1903,14420.0,1835.0,14765.0,2375.0,12390.0,16600.0,-3.75,12.43
1904,14420.0,2035.0,14565.0,2300.0,12265.0,16600.0,-3.7,13.97
1905,15030.0,2485.0,14675.0,2275.0,12400.0,17160.0,3.3,16.93
1906,13680.0,1675.0,14250.0,2150.0,12100.0,15925.0,3.8,11.75
1907,13875.0,2010.0,14255.0,2150.0,12105.0,16265.0,3.7,14.1
1908,13901.0,2181.0,14130.0,2050.0,12080.0,16311.0,3.6,15.44
1909,13799.0,2190.0,14105.0,2050.0,12055.0,16295.0,3.6,15.53
1910,13779.0,1929.0,14015.0,1900.0,12115.0,15944.0,3.8,13.76
1911,13661.0,1910.0,13915.0,1850.0,12065.0,15825.0,3.85,13.73
1912,13661.0,1910.0,13915.0,1850.0,12065.0,15825.0,3.85,13.73
2001,13692.0,1892.0,14070.0,1775.0,12295.0,15962.0,3.85,13.45
2002,13692.0,1892.0,14070.0,1725.0,12345.0,15962.0,3.85,13.45
2003,13692.0,1892.0,14070.0,1725.0,12345.0,15962.0,3.8,13.45
2004,13692.0,2092.0,13865.0,1725.0,12140.0,15957.0,3.6,15.09
2005,15995.0,3318.0,14800.0,2150.0,12650.0,18118.0,3.2,22.42
2006,15995.0,3323.0,14800.0,2150.0,12650.0,18123.0,3.2,22.45
2007,15000.0,2648.0,14625.0,2150.0,12475.0,17273.0,3.35,18.11
2008,15278.0,2756.0,14775.0,2225.0,12550.0,17531.0,3.1,18.65
2009,14900.0,2503.0,14675.0,2325.0,12350.0,17178.0,3.5,17.06
2010,14722.0,2167.0,14575.0,2325.0,12250.0,16742.0,3.6,14.87
2011,14507.0,1702.0,14825.0,2650.0,12175.0,16527.0,4.0,11.48
2012,14507.0,1702.0,14825.0,2650.0,12175.0,16527.0,4.0,11.48
2101,14182.0,1552.0,14575.0,2550.0,12025.0,16127.0,4.2,10.65
2102,14182.0,1502.0,14625.0,2600.0,12025.0,16127.0,4.3,10.27
2103,14182.0,1502.0,14625.0,2600.0,12025.0,16127.0,4.3,10.27
2104,14182.0,1352.0,14775.0,2675.0,12100.0,16127.0,4.3,9.15
2105,14990.0,1507.0,14765.0,2450.0,12315.0,16272.0,5.7,10.21
2106,14990.0,1357.0,14765.0,2450.0,12315.0,16122.0,5.7,9.19
2107,15165.0,1432.0,14840.0,2500.0,12340.0,16272.0,5.6,9.65
2108,14750.0,1242.0,14650.0,2400.0,12250.0,15892.0,5.75,8.48
2109,14996.0,1408.0,14800.0,2475.0,12325.0,16208.0,5.45,9.51
2110,15019.0,1500.0,14780.0,2500.0,12280.0,16280.0,5.45,10.15
2111,15062.0,1493.0,14830.0,2500.0,12330.0,16323.0,5.45,10.07
2112,15062.0,1493.0,14830.0,2500.0,12330.0,16323.0,5.45,10.07
2201,15115.0,1540.0,14835.0,2425.0,12410.0,16375.0,5.45,10.38
2202,15115.0,1540.0,14835.0,2425.0,12410.0,16375.0,5.45,10.38
2203,15115.0,1440.0,14935.0,2500.0,12435.0,16375.0,5.65,9.64
2204,15115.0,1440.0,14935.0,2500.0,12435.0,16375.0,5.8,9.64
2205,14460.0,1360.0,14565.0,2400.0,12165.0,15925.0,6.75,9.34
2206,14460.0,1400.0,14570.0,2400.0,12170.0,15970.0,6.75,9.61
2207,14505.0,1470.0,14570.0,2400.0,12170.0,16040.0,6.65,10.09
2208,14359.0,1388.0,14525.0,2375.0,12150.0,15913.0,6.65,9.56
2209,13944.0,1219.0,14275.0,2275.0,12000.0,15494.0,6.75,8.54
2210,13895.0,1172.0,14150.0,2150.0,12000.0,15322.0,6.8,8.28
2211,13930.0,1182.0,14175.0,2150.0,12025.0,15357.0,6.8,8.34
2212,13930.0,1257.0,14100.0,2075.0,12025.0,15357.0,6.7,8.91
2301,13730.0,1242.0,13915.0,1925.0,11990.0,15157.0,6.7,8.93
2302,13730.0,1267.0,13890.0,1925.0,11965.0,15157.0,6.7,9.12
2303,13730.0,1342.0,13815.0,1850.0,11965.0,15157.0,6.6,9.71
2304,13730.0,1342.0,13805.0,1850.0,11955.0,15147.0,6.6,9.72
2305,15265.0,2222.0,14485.0,2100.0,12385.0,16707.0,4.8,15.34
2306,15265.0,2257.0,14485.0,2100.0,12385.0,16742.0,4.8,15.58
2307,15320.0,2262.0,14485.0,2100.0,12385.0,16747.0,4.8,15.62
2308,15111.0,2202.0,14390.0,2050.0,12340.0,16592.0,4.9,15.3
2309,15134.0,2221.0,14390.0,2050.0,12340.0,16611.0,4.9,15.43
2310,15064.0,2111.0,14340.0,2025.0,12315.0,16451.0,4.95,14.72
2311,15234.0,2156.0,14465.0,2075.0,12390.0,16621.0,4.85,14.9
2312,15234.0,2131.0,14490.0,2100.0,12390.0,16621.0,4.85,14.71
2401,15342.0,2162.0,14565.0,2100.0,12465.0,16727.0,4.8,14.84
2402,15342.0,2172.0,14555.0,2100.0,12455.0,16727.0,4.8,14.92
2403,15342.0,2172.0,14555.0,2100.0,12455.0,16727.0,4.75,14.92
2404,15342.0,2122.0,14605.0,2100.0,12505.0,16727.0,4.7,14.53
2405,14860.0,2102.0,14805.0,2200.0,12605.0,16907.0,4.4,14.2
2406,14860.0,2102.0,14805.0,2200.0,12605.0,16907.0,4.4,14.2
2407,15100.0,2097.0,14905.0,2225.0,12680.0,17002.0,4.3,14.07
2408,15147.0,2073.0,14965.0,2300.0,12665.0,17038.0,4.2,13.85
2409,15186.0,2057.0,14965.0,2300.0,12665.0,17022.0,4.1,13.75
2410,15203.0,1999.0,14990.0,2325.0,12665.0,16989.0,4.1,13.34
2411,15143.0,1938.0,14990.0,2325.0,12665.0,16928.0,4.1,12.93
2412,15143.0,1738.0,15190.0,2475.0,12715.0,16928.0,4.1,11.44
2501,14867.0,1540.0,15115.0,2450.0,12665.0,16655.0,4.25,10.19
2502,14867.0,1540.0,15115.0,2450.0,12665.0,16655.0,4.35,10.19
2503,14867.0,1540.0,15115.0,2450.0,12665.0,16655.0,4.35,10.19
2504,14867.0,1465.0,15190.0,2550.0,12640.0,16655.0,4.35,9.64
2505,15820.0,1800.0,15460.0,2675.0,12785.0,17260.0,4.2,11.64
2506,15820.0,1750.0,15460.0,2675.0,12785.0,17210.0,4.2,11.32
2507,15705.0,1660.0,15410.0,2675.0,12735.0,17070.0,4.2,10.77
