yymm,file,url,release_date
0001,wasde-01-12-2000,https://esmis.nal.usda.gov/sites/default/release-files/3t945q76s/tb09j608z/9s1616563/wasde-01-12-2000.txt,2000-01-12
0002,wasde-02-11-2000,https://esmis.nal.usda.gov/sites/default/release-files/3t945q76s/j9602098h/sb3978589/wasde-02-11-2000.txt,2000-02-11
0003,wasde-03-10-2000,https://esmis.nal.usda.gov/sites/default/release-files/3t945q76s/5q47rp12q/qn59q4342/wasde-03-10-2000.txt,2000-03-10
0004,wasde-04-01-2000,https://esmis.nal.usda.gov/sites/default/release-files/3t945q76s/p2676v80j/3t945r115/wasde-04-01-2000.txt,2000-04-01
0005,wasde-05-12-2000,https://esmis.nal.usda.gov/sites/default/release-files/3t945q76s/79407x533/37720d134/wasde-05-12-2000.txt,2000-05-12
0006,wasde-06-09-2000,https://esmis.nal.usda.gov/sites/default/release-files/3t945q76s/f4752h04p/d504rk688/wasde-06-09-2000.txt,2000-06-09
0007,wasde-07-12-2000,https://esmis.nal.usda.gov/sites/default/release-files/3t945q76s/2v23vt70c/ms35t895j/wasde-07-12-2000.txt,2000-07-12
0008,wasde-08-11-2000,https://esmis.nal.usda.gov/sites/default/release-files/3t945q76s/1831ck305/r494vk41k/wasde-08-11-2000.txt,2000-08-11
0009,wasde-09-12-2000,https://esmis.nal.usda.gov/sites/default/release-files/3t945q76s/wp988k120/z316q192n/wasde-09-12-2000.txt,2000-09-12
0010,wasde-10-12-2000,https://esmis.nal.usda.gov/sites/default/release-files/3t945q76s/k06987849/mp48sd15k/wasde-10-12-2000.txt,2000-10-12
0011,wasde-11-09-2000,https://esmis.nal.usda.gov/sites/default/release-files/3t945q76s/gx41mj20s/q811kk06m/wasde-11-09-2000.txt,2000-11-09
0012,wasde-12-12-2000,https://esmis.nal.usda.gov/sites/default/release-files/3t945q76s/zw12z570p/2v23vt736/wasde-12-12-2000.txt,2000-12-12
0101,wasde-01-11-2001,https://esmis.nal.usda.gov/sites/default/release-files/3t945q76s/8336h223x/3b591888h/wasde-01-11-2001.txt,2001-01-11
0102,wasde-02-08-2001,https://esmis.nal.usda.gov/sites/default/release-files/3t945q76s/5425kb04f/cj82k7794/wasde-02-08-2001.txt,2001-02-08
0103,wasde-03-08-2001,https://esmis.nal.usda.gov/sites/default/release-files/3t945q76s/ft848r037/vt150j71k/wasde-03-08-2001.txt,2001-03-08
0104,wasde-04-10-2001,https://esmis.nal.usda.gov/sites/default/release-files/3t945q76s/t148fh46c/vt150j688/wasde-04-10-2001.txt,2001-04-10
0105,wasde-05-10-2001,https://esmis.nal.usda.gov/sites/default/release-files/3t945q76s/cc08hf952/dj52w5081/wasde-05-10-2001.txt,2001-05-10
0106,wasde-06-12-2001,https://esmis.nal.usda.gov/sites/default/release-files/3t945q76s/pk02cb09k/2r36tx91w/wasde-06-12-2001.txt,2001-06-12
0107,wasde-07-11-2001,https://esmis.nal.usda.gov/sites/default/release-files/3t945q76s/fq977v20n/2v23vt74g/wasde-07-11-2001.txt,2001-07-11
0108,wasde-08-10-2001,https://esmis.nal.usda.gov/sites/default/release-files/3t945q76s/zc77sq427/hq37vn969/wasde-08-10-2001.txt,2001-08-10
0109,wasde-09-14-2001,https://esmis.nal.usda.gov/sites/default/release-files/3t945q76s/mg74qm61x/d217qp809/wasde-09-14-2001.txt,2001-09-14
0110,wasde-10-12-2001,https://esmis.nal.usda.gov/sites/default/release-files/3t945q76s/cr56n131q/3f462584n/wasde-10-12-2001.txt,2001-10-12
0111,wasde-11-09-2001,https://esmis.nal.usda.gov/sites/default/release-files/3t945q76s/w95050767/z316q189b/wasde-11-09-2001.txt,2001-11-09
0112,wasde-12-11-2001,https://esmis.nal.usda.gov/sites/default/release-files/3t945q76s/kd17ct192/gf06g311r/wasde-12-11-2001.txt,2001-12-11
0201,wasde-01-11-2002,https://esmis.nal.usda.gov/sites/default/release-files/3t945q76s/q811kk02h/w3763716h/wasde-01-11-2002.txt,2002-01-11
0202,wasde-02-08-2002,https://esmis.nal.usda.gov/sites/default/release-files/3t945q76s/6m311p68v/vt150j709/wasde-02-08-2002.txt,2002-02-08
0203,wasde-03-08-2002,https://esmis.nal.usda.gov/sites/default/release-files/3t945q76s/rv042z11p/qf85ng611/wasde-03-08-2002.txt,2002-03-08
0204,wasde-04-10-2002,https://esmis.nal.usda.gov/sites/default/release-files/3t945q76s/xd07gt03x/vt150j69j/wasde-04-10-2002.txt,2002-04-10
0205,wasde-05-10-2002,https://esmis.nal.usda.gov/sites/default/release-files/3t945q76s/c534fp31z/db78tc32m/wasde-05-10-2002.txt,2002-05-10
0206,wasde-06-12-2002,https://esmis.nal.usda.gov/sites/default/release-files/3t945q76s/6q182p82t/w9505421g/wasde-06-12-2002.txt,2002-06-12
0207,wasde-07-11-2002,https://esmis.nal.usda.gov/sites/default/release-files/3t945q76s/xk81jk67q/1z40kt26d/wasde-07-11-2002.txt,2002-07-11
0208,wasde-08-12-2002,https://esmis.nal.usda.gov/sites/default/release-files/3t945q76s/h415pf19f/ff365898c/wasde-08-12-2002.txt,2002-08-12
0209,wasde-09-12-2002,https://esmis.nal.usda.gov/sites/default/release-files/3t945q76s/gb19f6086/qb98mf90d/wasde-09-12-2002.txt,2002-09-12
0210,wasde-10-11-2002,https://esmis.nal.usda.gov/sites/default/release-files/3t945q76s/hm50tw52j/3484zm66d/wasde-10-11-2002.txt,2002-10-11
0211,wasde-11-12-2002,https://esmis.nal.usda.gov/sites/default/release-files/3t945q76s/z029p512p/tx31qj05f/wasde-11-12-2002.txt,2002-11-12
0212,wasde-12-10-2002,https://esmis.nal.usda.gov/sites/default/release-files/3t945q76s/sb397d25k/vx021k00p/wasde-12-10-2002.txt,2002-12-10
0301,wasde-01-10-2003,https://esmis.nal.usda.gov/sites/default/release-files/3t945q76s/w0892b389/2227mq013/wasde-01-10-2003.txt,2003-01-10
0302,wasde-02-11-2003,https://esmis.nal.usda.gov/sites/default/release-files/3t945q76s/5d86p3826/5138jj630/wasde-02-11-2003.txt,2003-02-11
0303,wasde-03-11-2003,https://esmis.nal.usda.gov/sites/default/release-files/3t945q76s/1v53jx354/rj430481q/wasde-03-11-2003.txt,2003-03-11
0304,wasde-04-10-2003,https://esmis.nal.usda.gov/sites/default/release-files/3t945q76s/2f75r838r/z890rt651/wasde-04-10-2003.txt,2003-04-10
0305,wasde-05-12-2003,https://esmis.nal.usda.gov/sites/default/release-files/3t945q76s/sx61dm61x/1v53jx397/wasde-05-12-2003.txt,2003-05-12
0306,wasde-06-11-2003,https://esmis.nal.usda.gov/sites/default/release-files/3t945q76s/cv43nx07q/rv042t370/wasde-06-11-2003.txt,2003-06-11
0307,wasde-07-11-2003,https://esmis.nal.usda.gov/sites/default/release-files/3t945q76s/dr26xx63g/m900nt78c/wasde-07-11-2003.txt,2003-07-11
0308,wasde-08-12-2003,https://esmis.nal.usda.gov/sites/default/release-files/3t945q76s/vd66w021c/th83kz64c/wasde-08-12-2003.txt,2003-08-12
0309,wasde-09-11-2003,https://esmis.nal.usda.gov/sites/default/release-files/3t945q76s/r494vp883/8623j256b/wasde-09-11-2003.txt,2003-09-11
0310,wasde-10-10-2003,https://esmis.nal.usda.gov/sites/default/release-files/3t945q76s/0g354f612/12579s60d/wasde-10-10-2003.txt,2003-10-10
0311,wasde-11-12-2003,https://esmis.nal.usda.gov/sites/default/release-files/3t945q76s/jm214t22t/th83m330j/wasde-11-12-2003.txt,2003-11-12
0312,wasde-12-11-2003,https://esmis.nal.usda.gov/sites/default/release-files/3t945q76s/9s161651q/2801pg623/wasde-12-11-2003.txt,2003-12-11
0401,wasde-01-12-2004,https://esmis.nal.usda.gov/sites/default/release-files/3t945q76s/v405sf09z/37720h56j/wasde-01-12-2004.txt,2004-01-12
0402,wasde-02-10-2004,https://esmis.nal.usda.gov/sites/default/release-files/3t945q76s/k930bx38r/wp988k14j/wasde-02-10-2004.txt,2004-02-10
0403,wasde-03-10-2004,https://esmis.nal.usda.gov/sites/default/release-files/3t945q76s/k930c187g/tq57nv872/wasde-03-10-2004.txt,2004-03-10
0404,wasde-04-08-2004,https://esmis.nal.usda.gov/sites/default/release-files/3t945q76s/zp38wc90p/bv73c073m/wasde-04-08-2004.txt,2004-04-08
0405,wasde-05-12-2004,https://esmis.nal.usda.gov/sites/default/release-files/3t945q76s/5999n716k/mp48sh687/wasde-05-12-2004.txt,2004-05-12
0406,wasde-06-10-2004,https://esmis.nal.usda.gov/sites/default/release-files/3t945q76s/dr26xx64r/9s161654j/wasde-06-10-2004.txt,2004-06-10
0407,wasde-07-12-2004,https://esmis.nal.usda.gov/sites/default/release-files/3t945q76s/th83m331t/pz50h093q/wasde-07-12-2004.txt,2004-07-12
0408,wasde-08-12-2004,https://esmis.nal.usda.gov/sites/default/release-files/3t945q76s/2801pg59s/4x51hj38g/wasde-08-12-2004.txt,2004-08-12
0409,wasde-09-10-2004,https://esmis.nal.usda.gov/sites/default/release-files/3t945q76s/sx61dq897/5m60qw575/wasde-09-10-2004.txt,2004-09-10
0410,wasde-10-12-2004,https://esmis.nal.usda.gov/sites/default/release-files/3t945q76s/np193953s/wh246s527/wasde-10-12-2004.txt,2004-10-12
0411,wasde-11-12-2004,https://esmis.nal.usda.gov/sites/default/release-files/3t945q76s/4j03d344d/4f16c692t/wasde-11-12-2004.txt,2004-11-12
0412,wasde-12-10-2004,https://esmis.nal.usda.gov/sites/default/release-files/3t945q76s/6108vb649/vd66w025g/wasde-12-10-2004.txt,2004-12-10
0501,wasde-01-12-2005,https://esmis.nal.usda.gov/sites/default/release-files/3t945q76s/3j333622q/mw22v936f/wasde-01-12-2005.txt,2005-01-12
0502,wasde-02-09-2005,https://esmis.nal.usda.gov/sites/default/release-files/3t945q76s/qz20ss822/9s161655t/wasde-02-09-2005.txt,2005-02-09
0503,wasde-03-10-2005,https://esmis.nal.usda.gov/sites/default/release-files/3t945q76s/st74cv16p/c247dx08r/wasde-03-10-2005.txt,2005-03-10
0504,wasde-04-08-2005,https://esmis.nal.usda.gov/sites/default/release-files/3t945q76s/m039k524q/5425kb08j/wasde-04-08-2005.txt,2005-04-08
0505,wasde-05-12-2005,https://esmis.nal.usda.gov/sites/default/release-files/3t945q76s/9p290d90s/ft848v418/wasde-05-12-2005.txt,2005-05-12
0506,wasde-06-10-2005,https://esmis.nal.usda.gov/sites/default/release-files/3t945q76s/c534fp327/1c18dg149/wasde-06-10-2005.txt,2005-06-10
0507,wasde-07-12-2005,https://esmis.nal.usda.gov/sites/default/release-files/3t945q76s/hd76s3705/1831cp907/wasde-07-12-2005.txt,2005-07-12
0508,wasde-08-12-2005,https://esmis.nal.usda.gov/sites/default/release-files/3t945q76s/mw22v589n/qf85nb75j/wasde-08-12-2005.txt,2005-08-12
0509,wasde-09-12-2005,https://esmis.nal.usda.gov/sites/default/release-files/3t945q76s/xp68kg70j/9880vr287/wasde-09-12-2005.txt,2005-09-12
0510,wasde-10-12-2005,https://esmis.nal.usda.gov/sites/default/release-files/3t945q76s/xg94hp86p/np1939542/wasde-10-12-2005.txt,2005-10-12
0511,wasde-11-10-2005,https://esmis.nal.usda.gov/sites/default/release-files/3t945q76s/s1784m10b/2z10wq483/wasde-11-10-2005.txt,2005-11-10
0512,wasde-12-09-2005,https://esmis.nal.usda.gov/sites/default/release-files/3t945q76s/5999n3791/gm80hv77x/wasde-12-09-2005.txt,2005-12-09
0601,wasde-01-12-2006,https://esmis.nal.usda.gov/sites/default/release-files/3t945q76s/nv935317c/z316q1903/wasde-01-12-2006.txt,2006-01-12
0602,wasde-02-09-2006,https://esmis.nal.usda.gov/sites/default/release-files/3t945q76s/gb19f609g/5999n383m/wasde-02-09-2006.txt,2006-02-09
0603,wasde-03-13-2006_revision,https://esmis.nal.usda.gov/sites/default/release-files/3t945q76s/v692t990n/td96k613n/wasde-03-13-2006_revision.txt,2006-03-13
0604,wasde-04-10-2006,https://esmis.nal.usda.gov/sites/default/release-files/3t945q76s/x633f1307/gx41mj23m/wasde-04-10-2006.txt,2006-04-10
0605,wasde-05-12-2006,https://esmis.nal.usda.gov/sites/default/release-files/3t945q76s/2v23vz129/9880vv76h/wasde-05-12-2006.txt,2006-05-12
0606,wasde-06-09-2006_revision,https://esmis.nal.usda.gov/sites/default/release-files/3t945q76s/m900nt748/4q77fr58g/wasde-06-09-2006_revision.txt,2006-06-09
0607,wasde-07-12-2006,https://esmis.nal.usda.gov/sites/default/release-files/3t945q76s/zs25x878n/3r074v32q/wasde-07-12-2006.txt,2006-07-12
0608,wasde-08-11-2006,https://esmis.nal.usda.gov/sites/default/release-files/3t945q76s/js956g16k/bg257f45f/wasde-08-11-2006.txt,2006-08-11
0609,wasde-09-12-2006,https://esmis.nal.usda.gov/sites/default/release-files/3t945q76s/dn39x1888/70795796b/wasde-09-12-2006.txt,2006-09-12
0610,wasde-10-12-2006,https://esmis.nal.usda.gov/sites/default/release-files/3t945q76s/pr76f376z/jd472w773/wasde-10-12-2006.txt,2006-10-12
0611,wasde-11-09-2006,https://esmis.nal.usda.gov/sites/default/release-files/3t945q76s/bz60cw55r/ff3655592/wasde-11-09-2006.txt,2006-11-09
0612,wasde-12-11-2006,https://esmis.nal.usda.gov/sites/default/release-files/3t945q76s/j098zb40f/hq37vn98v/wasde-12-11-2006.txt,2006-12-11
0701,wasde-01-12-2007,https://esmis.nal.usda.gov/sites/default/release-files/3t945q76s/6682x4252/7s75dc74c/wasde-01-12-2007.txt,2007-01-12
0702,wasde-02-09-2007,https://esmis.nal.usda.gov/sites/default/release-files/3t945q76s/cc08hf96b/2j62s5266/wasde-02-09-2007.txt,2007-02-09
0703,wasde-03-09-2007,https://esmis.nal.usda.gov/sites/default/release-files/3t945q76s/7w62f859h/vd66w026r/wasde-03-09-2007.txt,2007-03-09
0704,wasde-04-10-2007,https://esmis.nal.usda.gov/sites/default/release-files/3t945q76s/2b88qc62k/fq977v226/wasde-04-10-2007.txt,2007-04-10
0705,wasde-05-11-2007,https://esmis.nal.usda.gov/sites/default/release-files/3t945q76s/f7623c912/7m01bm070/wasde-05-11-2007.txt,2007-05-11
0706,wasde-06-11-2007,https://esmis.nal.usda.gov/sites/default/release-files/3t945q76s/7m01bm06q/cr56n1338/wasde-06-11-2007.txt,2007-06-11
0707,wasde-07-12-2007,https://esmis.nal.usda.gov/sites/default/release-files/3t945q76s/vx021f47r/765371638/wasde-07-12-2007.txt,2007-07-12
0708,wasde-08-10-2007,https://esmis.nal.usda.gov/sites/default/release-files/3t945q76s/v979v341m/2j62s527g/wasde-08-10-2007.txt,2007-08-10
0709,wasde-09-12-2007,https://esmis.nal.usda.gov/sites/default/release-files/3t945q76s/1831ck31f/x920fx245/wasde-09-12-2007.txt,2007-09-12
0710,wasde-10-12-2007,https://esmis.nal.usda.gov/sites/default/release-files/3t945q76s/ns0646328/gt54kn36f/wasde-10-12-2007.txt,2007-10-12
0711,wasde-11-09-2007,https://esmis.nal.usda.gov/sites/default/release-files/3t945q76s/bk128b27r/ws859g063/wasde-11-09-2007.txt,2007-11-09
0712,wasde-12-11-2007,https://esmis.nal.usda.gov/sites/default/release-files/3t945q76s/m039k5250/2j62s528r/wasde-12-11-2007.txt,2007-12-11
0801,wasde-01-11-2008,https://esmis.nal.usda.gov/sites/default/release-files/3t945q76s/gh93gz83t/8k71nh39w/wasde-01-11-2008.txt,2008-01-11
0802,wasde-02-08-2008,https://esmis.nal.usda.gov/sites/default/release-files/3t945q76s/3j3332609/3197xm47b/wasde-02-08-2008.txt,2008-02-08
0803,wasde-03-11-2008,https://esmis.nal.usda.gov/sites/default/release-files/3t945q76s/6w924c137/7h149q170/wasde-03-11-2008.txt,2008-03-11
0804,wasde-04-09-2008,https://esmis.nal.usda.gov/sites/default/release-files/3t945q76s/d504rk670/td96k281z/wasde-04-09-2008.txt,2008-04-09
0805,wasde-05-09-2008,https://esmis.nal.usda.gov/sites/default/release-files/3t945q76s/rx913q14w/12579s61p/wasde-05-09-2008.txt,2008-05-09
0806,wasde-06-10-2008,https://esmis.nal.usda.gov/sites/default/release-files/3t945q76s/xk81jk680/jd472w78c/wasde-06-10-2008.txt,2008-06-10
0807,wasde-07-11-2008,https://esmis.nal.usda.gov/sites/default/release-files/3t945q76s/6969z113s/p5547r87q/wasde-07-11-2008.txt,2008-07-11
0808,wasde-08-12-2008,https://esmis.nal.usda.gov/sites/default/release-files/3t945q76s/7h149q15f/t722h926c/wasde-08-12-2008.txt,2008-08-12
0809,wasde-09-12-2008,https://esmis.nal.usda.gov/sites/default/release-files/3t945q76s/gb19f6107/k643b1585/wasde-09-12-2008.txt,2008-09-12
0810,wasde-10-28-2008,https://esmis.nal.usda.gov/sites/default/release-files/3t945q76s/x059c7753/fj236238j/wasde-10-28-2008.txt,2008-10-28
0811,wasde-11-10-2008,https://esmis.nal.usda.gov/sites/default/release-files/3t945q76s/vd66w023x/z890rt67k/wasde-11-10-2008.txt,2008-11-10
0812,wasde-12-12-2008,https://esmis.nal.usda.gov/sites/default/release-files/3t945q76s/sf2685489/gq67jr455/wasde-12-12-2008.txt,2008-12-12
0901,wasde-01-12-2009,https://esmis.nal.usda.gov/sites/default/release-files/3t945q76s/t148fh48x/gt54kn380/wasde-01-12-2009.txt,2009-01-12
0902,wasde-02-10-2009,https://esmis.nal.usda.gov/sites/default/release-files/3t945q76s/qv33rx066/qn59q436m/wasde-02-10-2009.txt,2009-02-10
0903,wasde-03-11-2009,https://esmis.nal.usda.gov/sites/default/release-files/3t945q76s/db78tc27r/bg257f46q/wasde-03-11-2009.txt,2009-03-11
0904,wasde-04-09-2009,https://esmis.nal.usda.gov/sites/default/release-files/3t945q76s/zg64tm327/cz30pt07z/wasde-04-09-2009.txt,2009-04-09
0905,wasde-05-12-2009,https://esmis.nal.usda.gov/sites/default/release-files/3t945q76s/9k41zd922/8336h2271/wasde-05-12-2009.txt,2009-05-12
0906,wasde-06-10-2009,https://esmis.nal.usda.gov/sites/default/release-files/3t945q76s/h128nf04z/8049g549t/wasde-06-10-2009.txt,2009-06-10
0907,wasde-07-10-2009,https://esmis.nal.usda.gov/sites/default/release-files/3t945q76s/sb397855g/ng451h82g/wasde-07-10-2009.txt,2009-07-10
0908,wasde-08-12-2009,https://esmis.nal.usda.gov/sites/default/release-files/3t945q76s/f4752h067/s1784m135/wasde-08-12-2009.txt,2009-08-12
0909,wasde-09-14-2009,https://esmis.nal.usda.gov/sites/default/release-files/3t945q76s/pc289j31m/8c97kq72f/wasde-09-14-2009.txt,2009-09-14
0910,wasde-10-09-2009,https://esmis.nal.usda.gov/sites/default/release-files/3t945q76s/sn009z14s/n009w266w/wasde-10-09-2009.txt,2009-10-09
0911,wasde-11-10-2009,https://esmis.nal.usda.gov/sites/default/release-files/3t945q76s/9880vr26p/3n203z42f/wasde-11-10-2009.txt,2009-11-10
0912,wasde-12-10-2009,https://esmis.nal.usda.gov/sites/default/release-files/3t945q76s/0g354f63m/th83kz65n/wasde-12-10-2009.txt,2009-12-10
1001,wasde-01-12-2010,https://esmis.nal.usda.gov/sites/default/release-files/3t945q76s/2j62s524n/9880vr27z/wasde-01-12-2010.txt,2010-01-12
1002,wasde-02-09-2010,https://esmis.nal.usda.gov/sites/default/release-files/3t945q76s/47429952g/z316q191c/wasde-02-09-2010.txt,2010-02-09
1003,wasde-03-10-2010,https://esmis.nal.usda.gov/sites/default/release-files/3t945q76s/kh04dq024/rn301168d/wasde-03-10-2010.txt,2010-03-10
1004,wasde-04-09-2010,https://esmis.nal.usda.gov/sites/default/release-files/3t945q76s/bz60cw579/q811kk05b/wasde-04-09-2010.txt,2010-04-09
1005,wasde-05-11-2010,https://esmis.nal.usda.gov/sites/default/release-files/3t945q76s/5425kb05q/wh246s54s/wasde-05-11-2010.txt,2010-05-11
1006,wasde-06-10-2010,https://esmis.nal.usda.gov/sites/default/release-files/3t945q76s/j098zb41q/c534fp34s/wasde-06-10-2010.txt,2010-06-10
1007,wasde-07-09-2010,https://esmis.nal.usda.gov/sites/default/release-files/3t945q76s/3n203z415/d791sg544/wasde-07-09-2010.txt,2010-07-09
1008,wasde-08-12-2010,https://esmis.nal.usda.gov/sites/default/release-files/3t945q76s/hh63sw29w/pc289j32w/wasde-08-12-2010.txt,2010-08-12
1009,wasde-09-10-2010,https://esmis.nal.usda.gov/sites/default/release-files/3t945q76s/xp68kg723/6w924c162/wasde-09-10-2010.txt,2010-09-10
1012,wasde-12-15-2010,https://esmis.nal.usda.gov/sites/default/release-files/3t945q76s/zs25x881z/4t64gn44c/wasde-12-15-2010.txt,2010-12-15
1610,wasde-10-12-2016,https://esmis.nal.usda.gov/sites/default/release-files/3t945q76s/4b29b639f/gm80hv807/wasde-10-12-2016.txt,2016-10-12
1611,wasde-11-09-2016,https://esmis.nal.usda.gov/sites/default/release-files/3t945q76s/v692t662v/hm50ts09n/wasde-11-09-2016.txt,2016-11-09
1612,wasde-12-09-2016,https://esmis.nal.usda.gov/sites/default/release-files/3t945q76s/73666481z/bg257f488/wasde-12-09-2016.txt,2016-12-09
1701,wasde-01-12-2017,https://esmis.nal.usda.gov/sites/default/release-files/3t945q76s/fb494882m/4x51hj39r/wasde-01-12-2017.txt,2017-01-12
1702,wasde-02-09-2017,https://esmis.nal.usda.gov/sites/default/release-files/3t945q76s/79407x576/sx61dm626/wasde-02-09-2017.txt,2017-02-09
1703,wasde-03-09-2017,https://esmis.nal.usda.gov/sites/default/release-files/3t945q76s/wp988k138/h989r365f/wasde-03-09-2017.txt,2017-03-09
1704,wasde-04-11-2017,https://esmis.nal.usda.gov/sites/default/release-files/3t945q76s/t722h9253/9019s282h/wasde-04-11-2017.txt,2017-04-11
1705,wasde-05-10-2017,https://esmis.nal.usda.gov/sites/default/release-files/3t945q76s/4m90dv88p/zp38wc93h/wasde-05-10-2017.txt,2017-05-10
1706,wasde-06-09-2017,https://esmis.nal.usda.gov/sites/default/release-files/3t945q76s/df65v8181/p5547r919/wasde-06-09-2017.txt,2017-06-09
1707,wasde-07-12-2017,https://esmis.nal.usda.gov/sites/default/release-files/3t945q76s/9g54xh96x/wp988k17c/wasde-07-12-2017.txt,2017-07-12
1708,wasde-08-10-2017,https://esmis.nal.usda.gov/sites/default/release-files/3t945q76s/8k71nh37b/gm80hv81h/wasde-08-10-2017.txt,2017-08-10
1709,wasde-09-12-2017,https://esmis.nal.usda.gov/sites/default/release-files/3t945q76s/br86b406q/st74cq815/wasde-09-12-2017.txt,2017-09-12
1710,wasde-10-12-2017,https://esmis.nal.usda.gov/sites/default/release-files/3t945q76s/tm70mv56x/qv33rx112/wasde-10-12-2017.txt,2017-10-12
1711,wasde-11-09-2017,https://esmis.nal.usda.gov/sites/default/release-files/3t945q76s/gm80hv76n/9z9030205/wasde-11-09-2017.txt,2017-11-09
1712,wasde-12-12-2017,https://esmis.nal.usda.gov/sites/default/release-files/3t945q76s/pn89d6834/1c18dg15k/wasde-12-12-2017.txt,2017-12-12
1801,wasde-01-12-2018,https://esmis.nal.usda.gov/sites/default/release-files/3t945q76s/8336h225g/9w0323349/wasde-01-12-2018.txt,2018-01-12
1802,wasde-02-08-2018,https://esmis.nal.usda.gov/sites/default/release-files/3t945q76s/ft848r05s/xg94hp89h/wasde-02-08-2018.txt,2018-02-08
1803,wasde-03-08-2018,https://esmis.nal.usda.gov/sites/default/release-files/3t945q76s/z603qx71z/wh246s552/wasde-03-08-2018.txt,2018-03-08
1804,wasde-04-10-2018,https://esmis.nal.usda.gov/sites/default/release-files/3t945q76s/wh246s51z/2v23vt779/wasde-04-10-2018.txt,2018-04-10
1805,wasde-05-10-2018,https://esmis.nal.usda.gov/sites/default/release-files/3t945q76s/5425kb078/q237hs39p/wasde-05-10-2018.txt,2018-05-10
1806,wasde-06-12-2018,https://esmis.nal.usda.gov/sites/default/release-files/3t945q76s/5d86p0623/5425kb11v/wasde-06-12-2018.txt,2018-06-12
1807,wasde-07-12-2018,https://esmis.nal.usda.gov/sites/default/release-files/3t945q76s/6682x426b/mw22v5937/wasde-07-12-2018.txt,2018-07-12
1808,wasde-08-10-2018,https://esmis.nal.usda.gov/sites/default/release-files/3t945q76s/xw42n8302/5q47rp16t/wasde-08-10-2018.txt,2018-08-10
1809,wasde-09-12-2018,https://esmis.nal.usda.gov/sites/default/release-files/3t945q76s/4b29b6406/qj72p753r/wasde-09-12-2018.txt,2018-09-12
1810,WASDE-582-October-11-2018,https://esmis.nal.usda.gov/sites/default/release-files/3t945q76s/m039k877c/rf55zc38w/WASDE-582-October-11-2018.txt,2018-10-11
1905,wasde0519,https://esmis.nal.usda.gov/sites/default/release-files/3t945q76s/7s75dn66b/j6731d46c/wasde0519.txt,2019-05-10
2108,wasde0821,https://esmis.nal.usda.gov/sites/default/release-files/3t945q76s/9019t127d/v405t727t/wasde0821.txt,2021-08-12
2109,wasde0921,https://esmis.nal.usda.gov/sites/default/release-files/3t945q76s/gf06h129z/c247fr540/wasde0921.txt,2021-09-10
2110,wasde1021,https://esmis.nal.usda.gov/sites/default/release-files/3t945q76s/cc08jf37b/6d570x89h/wasde1021.txt,2021-10-12
2111,wasde1121,https://esmis.nal.usda.gov/sites/default/release-files/3t945q76s/wp989j89k/t148gj30v/wasde1121.txt,2021-11-09
2112,wasde1221,https://esmis.nal.usda.gov/sites/default/release-files/3t945q76s/m039m632s/td96m352w/wasde1221.txt,2021-12-09
2201,wasde0122,https://esmis.nal.usda.gov/sites/default/release-files/3t945q76s/pv63h1937/s1785p515/wasde0122.txt,2022-01-12
2202,wasde0222,https://esmis.nal.usda.gov/sites/default/release-files/3t945q76s/w0893f10d/2514pn640/wasde0222.txt,2022-02-09
2203,wasde0322,https://esmis.nal.usda.gov/sites/default/release-files/3t945q76s/fj237573x/4b29c983s/wasde0322.txt,2022-03-09
2204,wasde0422,https://esmis.nal.usda.gov/sites/default/release-files/3t945q76s/jw828h37k/qn59r7817/wasde0422.txt,2022-04-08
2205,wasde0522,https://esmis.nal.usda.gov/sites/default/release-files/3t945q76s/c534gt149/7h14bv46f/wasde0522.txt,2022-05-12
2206,wasde0622,https://esmis.nal.usda.gov/sites/default/release-files/3t945q76s/pv63h524n/cf95kh07v/wasde0622.txt,2022-06-10
2207,wasde0722,https://esmis.nal.usda.gov/sites/default/release-files/3t945q76s/wd377347q/pz50j310r/wasde0722.txt,2022-07-12
2208,wasde0822,https://esmis.nal.usda.gov/sites/default/release-files/3t945q76s/cc08jp14g/xp68mq730/wasde0822.txt,2022-08-12
2209,wasde0922,https://esmis.nal.usda.gov/sites/default/release-files/3t945q76s/7p88dr073/sq87d225c/wasde0922.txt,2022-09-12
2210,wasde1022,https://esmis.nal.usda.gov/sites/default/release-files/3t945q76s/d791tq772/qz20v243c/wasde1022.txt,2022-10-12
2211,wasde1122,https://esmis.nal.usda.gov/sites/default/release-files/3t945q76s/3j334c74p/m039mf69w/wasde1122.txt,2022-11-09
2212,wasde1222,https://esmis.nal.usda.gov/sites/default/release-files/3t945q76s/d791ts13x/b8517013t/wasde1222.txt,2022-12-09
2301,wasde0123,https://esmis.nal.usda.gov/sites/default/release-files/3t945q76s/0v839b45x/k0699k218/wasde0123.txt,2023-01-12
2302,wasde0223,https://esmis.nal.usda.gov/sites/default/release-files/3t945q76s/q237k4856/xp68mv86w/wasde0223.txt,2023-02-08
2303,wasde0323,https://esmis.nal.usda.gov/sites/default/release-files/3t945q76s/w6635g402/3t9472944/wasde0323.txt,2023-03-08
2304,wasde0423,https://esmis.nal.usda.gov/sites/default/release-files/3t945q76s/2j62tj65b/r494x0226/wasde0423.txt,2023-04-11
2305,wasde0523,https://esmis.nal.usda.gov/sites/default/release-files/3t945q76s/8910m7465/x920hd170/wasde0523.txt,2023-05-12
2306,wasde0623,https://esmis.nal.usda.gov/sites/default/release-files/3t945q76s/dn39zg239/bz60f958d/wasde0623.txt,2023-06-09
2307,wasde0723,https://esmis.nal.usda.gov/sites/default/release-files/3t945q76s/s7527s86m/w9506h41d/wasde0723.txt,2023-07-12
2308,wasde0823,https://esmis.nal.usda.gov/sites/default/release-files/3t945q76s/8c97n5538/g445dx617/wasde0823.txt,2023-08-11
2309,wasde0923,https://esmis.nal.usda.gov/sites/default/release-files/3t945q76s/9880x805c/9w033k00j/wasde0923.txt,2023-09-12
2310,wasde1023,https://esmis.nal.usda.gov/sites/default/release-files/3t945q76s/gb19gq521/0v839j986/wasde1023.txt,2023-10-12
2311,wasde1123,https://esmis.nal.usda.gov/sites/default/release-files/3t945q76s/j0990x88f/4b29cs19n/wasde1123.txt,2023-11-09
2312,wasde1223,https://esmis.nal.usda.gov/sites/default/release-files/3t945q76s/nv936n21f/st74f911b/wasde1223.txt,2023-12-08
2401,wasde0124,https://esmis.nal.usda.gov/sites/default/release-files/3t945q76s/m613pj64v/n296zk13z/wasde0124.txt,2024-01-12
2402,wasde0224,https://esmis.nal.usda.gov/sites/default/release-files/3t945q76s/6108x0329/f7625071n/wasde0224.txt,2024-02-08
2403,wasde0324,https://esmis.nal.usda.gov/sites/default/release-files/3t945q76s/8g84p850x/6t055442r/wasde0324.txt,2024-03-08
2404,wasde0424,https://esmis.nal.usda.gov/sites/default/release-files/3t945q76s/0g3563734/ms35w007m/wasde0424.txt,2024-04-11
2405,wasde0524,https://esmis.nal.usda.gov/sites/default/release-files/3t945q76s/mp48v3615/f18838980/wasde0524.txt,2024-05-10
2406,wasde0624,https://esmis.nal.usda.gov/sites/default/release-files/3t945q76s/sf269x278/fx71cb34z/wasde0624.txt,2024-06-12
2407,wasde0724,https://esmis.nal.usda.gov/sites/default/release-files/3t945q76s/h702rx54z/5425n227f/wasde0724.txt,2024-07-12
2408,wasde0824,https://esmis.nal.usda.gov/sites/default/release-files/3t945q76s/r781z751z/sf269z355/wasde0824.txt,2024-08-12
2409,wasde0924,https://esmis.nal.usda.gov/sites/default/release-files/3t945q76s/rf5610383/wh248h51n/wasde0924.txt,2024-09-12
2410,wasde1024,https://esmis.nal.usda.gov/sites/default/release-files/3t945q76s/cv43qp248/p5549m20v/wasde1024.txt,2024-10-11
2412,wasde1224v2,https://esmis.nal.usda.gov/sites/default/release-files/3t945q76s/rb690665c/kw52m4691/wasde1224v2.txt,2024-12-10
2501,wasde0125,https://esmis.nal.usda.gov/sites/default/release-files/3t945q76s/2801rc34n/k356c0664/wasde0125.txt,2025-01-10
2502,wasde0225,https://esmis.nal.usda.gov/sites/default/release-files/3t945q76s/sx61gg96j/nk3249395/wasde0225.txt,2025-02-11
2503,wasde0325,https://esmis.nal.usda.gov/sites/default/release-files/3t945q76s/zc77vn735/s1786j486/wasde0325.txt,2025-03-11
2504,wasde0425v2,https://esmis.nal.usda.gov/sites/default/release-files/3t945q76s/tq57qn89q/wh248n52r/wasde0425v2.txt,2025-04-10
2505,wasde0525v2,https://esmis.nal.usda.gov/sites/default/release-files/3t945q76s/1r66m015q/jq087g60n/wasde0525v2.txt,2025-05-12
2506,wasde0625,https://esmis.nal.usda.gov/sites/default/release-files/3t945q76s/g732g751w/2z10zp14d/wasde0625.txt,2025-06-12
2507,wasde0725,https://esmis.nal.usda.gov/sites/default/release-files/3t945q76s/tx31sh59w/vq281m71g/wasde0725.txt,2025-07-11
2508,wasde0825,https://esmis.nal.usda.gov/sites/default/release-files/3t945q76s/wd377v73w/6395z6313/wasde0825.txt,2025-08-12
2509,wasde0925,https://esmis.nal.usda.gov/sites/default/release-files/3t945q76s/z890tt821/g732g907r/wasde0925.txt,2025-09-12
2511,wasde1125,https://esmis.nal.usda.gov/sites/default/release-files/795643/wasde1125.txt,2025-11-14
2512,wasde1225,https://esmis.nal.usda.gov/sites/default/release-files/795676/wasde1225.txt,2025-12-09
2601,wasde0126,https://esmis.nal.usda.gov/sites/default/release-files/795722/wasde0126.txt,2026-01-12
2602,wasde0226,https://esmis.nal.usda.gov/sites/default/release-files/795765/wasde0226.txt,2026-02-10
2603,wasde0326,https://esmis.nal.usda.gov/sites/default/release-files/795813/wasde0326.txt,2026-03-10
2604,wasde0426,https://esmis.nal.usda.gov/sites/default/release-files/795855/wasde0426.txt,2026-04-09
2605,wasde0526v2,https://esmis.nal.usda.gov/sites/default/release-files/795903/wasde0526v2.txt,2026-05-12
2606,wasde0626v2,https://esmis.nal.usda.gov/sites/default/release-files/795937/wasde0626v2.txt,2026-06-11
2607,wasde0726,https://esmis.nal.usda.gov/sites/default/release-files/795974/wasde0726.txt,2026-07-10
2608,wasde0826,https://esmis.nal.usda.gov/sites/default/release-files/796014/wasde0826.txt,2026-08-12
2609,wasde0926,https://esmis.nal.usda.gov/sites/default/release-files/796054/wasde0926.txt,2026-09-11
9501,wasde-01-12-1995,https://esmis.nal.usda.gov/sites/default/release-files/3t945q76s/qf85nb730/qn59q433s/wasde-01-12-1995.txt,1995-01-12
9502,wasde-02-12-1995,https://esmis.nal.usda.gov/sites/default/release-files/3t945q76s/mk61rh18w/zs25x884s/wasde-02-12-1995.txt,1995-02-12
9503,wasde-03-12-1995,https://esmis.nal.usda.gov/sites/default/release-files/3t945q76s/nc580m99d/2514nk83m/wasde-03-12-1995.txt,1995-03-12
9504,wasde-04-11-1995,https://esmis.nal.usda.gov/sites/default/release-files/3t945q76s/g732d932r/v692t6588/wasde-04-11-1995.txt,1995-04-11
9505,wasde-05-11-1995,https://esmis.nal.usda.gov/sites/default/release-files/3t945q76s/t722h923j/9593tv50h/wasde-05-11-1995.txt,1995-05-11
9506,wasde-06-12-1995,https://esmis.nal.usda.gov/sites/default/release-files/3t945q76s/wh246s45t/m613mx88c/wasde-06-12-1995.txt,1995-06-12
9507,wasde-07-12-1995,https://esmis.nal.usda.gov/sites/default/release-files/3t945q76s/xd07gt01c/9k41zd94m/wasde-07-12-1995.txt,1995-07-12
9508,wasde-08-14-1995,https://esmis.nal.usda.gov/sites/default/release-files/3t945q76s/1n79h461f/4q77fr56x/wasde-08-14-1995.txt,1995-08-14
9509,wasde-09-12-1995,https://esmis.nal.usda.gov/sites/default/release-files/3t945q76s/6395w740x/pv63g062v/wasde-09-12-1995.txt,1995-09-12
9510,wasde-10-11-1995,https://esmis.nal.usda.gov/sites/default/release-files/3t945q76s/0k225b334/n583xv380/wasde-10-11-1995.txt,1995-10-11
9511,wasde-11-09-1995,https://esmis.nal.usda.gov/sites/default/release-files/3t945q76s/v979v340b/wh246s50p/wasde-11-09-1995.txt,1995-11-09
9512,wasde-12-12-1995,https://esmis.nal.usda.gov/sites/default/release-files/3t945q76s/3r074v305/8p58pd341/wasde-12-12-1995.txt,1995-12-12
9601,wasde-01-16-1996,https://esmis.nal.usda.gov/sites/default/release-files/3t945q76s/nk322d73r/2v23vt72x/wasde-01-16-1996.txt,1996-01-16
9602,wasde-02-09-1996,https://esmis.nal.usda.gov/sites/default/release-files/3t945q76s/rr171x63c/cf95jb630/wasde-02-09-1996.txt,1996-02-09
9603,wasde-03-14-1996,https://esmis.nal.usda.gov/sites/default/release-files/3t945q76s/fb4948799/dz010q40s/wasde-03-14-1996.txt,1996-03-14
9604,wasde-04-11-1996,https://esmis.nal.usda.gov/sites/default/release-files/3t945q76s/00000033j/jw827c18c/wasde-04-11-1996.txt,1996-04-11
9605,wasde-05-10-1996,https://esmis.nal.usda.gov/sites/default/release-files/3t945q76s/8p58pd316/g445cd49p/wasde-05-10-1996.txt,1996-05-10
9606,wasde-06-12-1996,https://esmis.nal.usda.gov/sites/default/release-files/3t945q76s/7w62f8587/8623hz03h/wasde-06-12-1996.txt,1996-06-12
9607,wasde-07-12-1996,https://esmis.nal.usda.gov/sites/default/release-files/3t945q76s/n009w261h/1544bp448/wasde-07-12-1996.txt,1996-07-12
9608,wasde-08-12-1996,https://esmis.nal.usda.gov/sites/default/release-files/3t945q76s/h415p9813/5d86p061t/wasde-08-12-1996.txt,1996-08-12
9609,wasde-09-11-1996,https://esmis.nal.usda.gov/sites/default/release-files/3t945q76s/g732d9331/mw22v591p/wasde-09-11-1996.txt,1996-09-11
9610,wasde-10-11-1996,https://esmis.nal.usda.gov/sites/default/release-files/3t945q76s/fx719m69c/sb3978571/wasde-10-11-1996.txt,1996-10-11
9611,wasde-11-12-1996,https://esmis.nal.usda.gov/sites/default/release-files/3t945q76s/cz30pt044/02870w39h/wasde-11-12-1996.txt,1996-11-12
9612,wasde-12-12-1996,https://esmis.nal.usda.gov/sites/default/release-files/3t945q76s/fb4948802/td96k2827/wasde-12-12-1996.txt,1996-12-12
9701,wasde-01-10-1997,https://esmis.nal.usda.gov/sites/default/release-files/3t945q76s/f1881m213/vt150j72v/wasde-01-10-1997.txt,1997-01-10
9702,wasde-02-12-1997,https://esmis.nal.usda.gov/sites/default/release-files/3t945q76s/f1881m22c/kd17ct20t/wasde-02-12-1997.txt,1997-02-12
9703,wasde-03-11-1997,https://esmis.nal.usda.gov/sites/default/release-files/3t945q76s/5t34sk02q/ws859g05t/wasde-03-11-1997.txt,1997-03-11
9704,wasde-04-11-1997,https://esmis.nal.usda.gov/sites/default/release-files/3t945q76s/9306sz712/hq37vn97k/wasde-04-11-1997.txt,1997-04-11
9705,wasde-05-12-1997,https://esmis.nal.usda.gov/sites/default/release-files/3t945q76s/h702q674x/8p58pd33r/wasde-05-12-1997.txt,1997-05-12
9706,wasde-06-12-1997,https://esmis.nal.usda.gov/sites/default/release-files/3t945q76s/xg94hp85d/ww72bb84h/wasde-06-12-1997.txt,1997-06-12
9707,wasde-07-11-1997,https://esmis.nal.usda.gov/sites/default/release-files/3t945q76s/h702q6756/tx31qj045/wasde-07-11-1997.txt,1997-07-11
9708,wasde-08-12-1997,https://esmis.nal.usda.gov/sites/default/release-files/3t945q76s/qv33rx05x/n583xv401/wasde-08-12-1997.txt,1997-08-12
9709,wasde-09-12-1997,https://esmis.nal.usda.gov/sites/default/release-files/3t945q76s/pv63g061k/dn39x189j/wasde-09-12-1997.txt,1997-09-12
9710,wasde-10-10-1997,https://esmis.nal.usda.gov/sites/default/release-files/3t945q76s/g158bh59p/5m60qs27t/wasde-10-10-1997.txt,1997-10-10
9711,wasde-11-10-1997,https://esmis.nal.usda.gov/sites/default/release-files/3t945q76s/3197xm42z/00000034t/wasde-11-10-1997.txt,1997-11-10
9712,wasde-12-11-1997,https://esmis.nal.usda.gov/sites/default/release-files/3t945q76s/dr26xx626/k0698786v/wasde-12-11-1997.txt,1997-12-11
9801,wasde-01-13-1998,https://esmis.nal.usda.gov/sites/default/release-files/3t945q76s/8623hz027/zc77sq43h/wasde-01-13-1998.txt,1998-01-13
9802,wasde-02-11-1998,https://esmis.nal.usda.gov/sites/default/release-files/3t945q76s/tx31qj03w/9s1616538/wasde-02-11-1998.txt,1998-02-11
9803,wasde-03-12-1998,https://esmis.nal.usda.gov/sites/default/release-files/3t945q76s/ws859g04j/w95050792/wasde-03-12-1998.txt,1998-03-12
9804,wasde-04-09-1998,https://esmis.nal.usda.gov/sites/default/release-files/3t945q76s/h415p982c/rj4304820/wasde-04-09-1998.txt,1998-04-09
9805,wasde-05-12-1998,https://esmis.nal.usda.gov/sites/default/release-files/3t945q76s/j38607324/02870w36p/wasde-05-12-1998.txt,1998-05-12
9806,wasde-06-12-1998,https://esmis.nal.usda.gov/sites/default/release-files/3t945q76s/nz805z975/z890rt63g/wasde-06-12-1998.txt,1998-06-12
9807,wasde-07-10-1998,https://esmis.nal.usda.gov/sites/default/release-files/3t945q76s/h128nf03p/4q77fr576/wasde-07-10-1998.txt,1998-07-10
9808,wasde-08-12-1998,https://esmis.nal.usda.gov/sites/default/release-files/3t945q76s/w9505075z/z890rt64r/wasde-08-12-1998.txt,1998-08-12
9809,wasde-09-11-1998,https://esmis.nal.usda.gov/sites/default/release-files/3t945q76s/v692t656q/wm117p320/wasde-09-11-1998.txt,1998-09-11
9810,wasde-10-09-1998,https://esmis.nal.usda.gov/sites/default/release-files/3t945q76s/9w0323306/zg64tm33h/wasde-10-09-1998.txt,1998-10-09
9811,wasde-11-10-1998,https://esmis.nal.usda.gov/sites/default/release-files/3t945q76s/x059c774t/br86b4070/wasde-11-10-1998.txt,1998-11-10
9812,wasde-12-11-1998,https://esmis.nal.usda.gov/sites/default/release-files/3t945q76s/h415p983n/h989r363w/wasde-12-11-1998.txt,1998-12-11
9901,wasde-01-12-1999,https://esmis.nal.usda.gov/sites/default/release-files/3t945q76s/4f16c317n/qr46r1217/wasde-01-12-1999.txt,1999-01-12
9902,wasde-02-10-1999,https://esmis.nal.usda.gov/sites/default/release-files/3t945q76s/3197xm437/j3860735z/wasde-02-10-1999.txt,1999-02-10
9903,wasde-03-11-1999,https://esmis.nal.usda.gov/sites/default/release-files/3t945q76s/37720d11k/n296wz38r/wasde-03-11-1999.txt,1999-03-11
9904,wasde-04-09-1999,https://esmis.nal.usda.gov/sites/default/release-files/3t945q76s/4j03cz965/5q47rp15j/wasde-04-09-1999.txt,1999-04-09
9905,wasde-05-12-1999,https://esmis.nal.usda.gov/sites/default/release-files/3t945q76s/cz30pt05d/n583xv419/wasde-05-12-1999.txt,1999-05-12
9906,wasde-06-11-1999,https://esmis.nal.usda.gov/sites/default/release-files/3t945q76s/sb3978546/q237hs374/wasde-06-11-1999.txt,1999-06-11
9907,wasde-07-12-1999,https://esmis.nal.usda.gov/sites/default/release-files/3t945q76s/s4655g95p/x633f131h/wasde-07-12-1999.txt,1999-07-12
9908,wasde-08-12-1999,https://esmis.nal.usda.gov/sites/default/release-files/3t945q76s/0p096728s/q524jp15b/wasde-08-12-1999.txt,1999-08-12
9909,wasde-09-10-1999,https://esmis.nal.usda.gov/sites/default/release-files/3t945q76s/5x21tf783/6t053g37m/wasde-09-10-1999.txt,1999-09-10
9910,wasde-10-08-1999,https://esmis.nal.usda.gov/sites/default/release-files/3t945q76s/xd07gt02n/1g05fb82g/wasde-10-08-1999.txt,1999-10-08
9911,wasde-11-10-1999,https://esmis.nal.usda.gov/sites/default/release-files/3t945q76s/9w032331g/7d278t377/wasde-11-10-1999.txt,1999-11-10
9912,wasde-12-10-1999,https://esmis.nal.usda.gov/sites/default/release-files/3t945q76s/zk51vh06v/v692t664d/wasde-12-10-1999.txt,1999-12-10
